User_ID,Age,Gender,Height_cm,Initial_Weight_kg,Initial_BMI,BMI_Category,Body_Fat_Category,Body_Fat_Percentage,Goal,Workout_Frequency,Average_Duration_Minutes,level,Badminton,Football,Basketball,Volleyball,Swim
1,45,Female,193,74,19.87,Normal,4.0,25.4,Muscle Gain,4,60,Intermediate,0,0,0,1,1
2,31,Female,151,83,36.4,Obese,5.0,47.9,Weight Loss,5,60,Advanced,1,1,1,1,1
3,24,Female,184,129,38.1,Obese,5.0,49.4,Weight Loss,3,30,Intermediate,1,0,0,1,0
4,37,Male,191,50,13.71,Underweight,1.0,3.6,Muscle Gain,4,60,Intermediate,1,0,0,0,1
5,35,Female,183,111,33.15,Obese,5.0,43.3,Weight Loss,2,60,Intermediate,0,0,0,1,0
6,39,Male,179,117,36.52,Obese,5.0,35.5,Weight Loss,4,45,Advanced,1,1,1,1,0
7,27,Male,162,113,43.06,Obese,5.0,46.3,Weight Loss,3,60,Intermediate,0,0,1,0,0
8,27,Female,162,105,40.01,Obese,5.0,51.9,Weight Loss,4,90,Beginner,0,0,0,0,0
9,40,Male,167,85,30.48,Obese,5.0,32.2,Weight Loss,4,30,Intermediate,1,0,0,0,0
10,40,Male,181,48,14.65,Underweight,1.0,4.8,Muscle Gain,4,45,Intermediate,0,0,0,0,1
11,19,Male,181,42,12.82,Underweight,1.0,3.0,Muscle Gain,3,45,Beginner,1,0,0,0,0
12,38,Male,184,124,36.63,Obese,5.0,36.3,Weight Loss,4,90,Intermediate,1,1,1,0,1
13,18,Female,188,65,18.39,Underweight,3.0,18.0,Muscle Gain,3,90,Intermediate,1,0,0,0,0
14,40,Female,195,111,29.19,Overweight,5.0,36.5,Weight Loss,3,45,Beginner,1,0,1,1,0
15,46,Female,178,87,27.46,Overweight,5.0,39.0,Weight Loss,2,60,Beginner,0,0,1,0,1
16,18,Female,198,105,26.78,Overweight,4.0,29.6,Maintain,3,60,Beginner,1,0,1,1,1
17,37,Male,178,109,34.4,Obese,5.0,33.0,Weight Loss,3,60,Advanced,1,1,0,1,0
18,49,Male,193,67,17.99,Underweight,2.0,15.1,Muscle Gain,4,45,Beginner,1,1,0,1,0
19,28,Female,165,65,23.88,Normal,4.0,28.4,Muscle Gain,2,45,Beginner,0,0,1,1,0
20,38,Female,193,64,17.18,Underweight,3.0,22.6,Muscle Gain,3,45,Intermediate,1,0,1,0,0
21,41,Female,196,51,13.28,Underweight,2.0,13.4,Muscle Gain,5,60,Advanced,1,0,1,0,0
22,43,Male,159,44,17.4,Underweight,2.0,11.7,Muscle Gain,2,30,Advanced,0,0,0,0,0
23,44,Female,179,87,27.15,Overweight,5.0,33.0,Maintain,4,90,Beginner,1,0,1,1,0
24,32,Female,174,76,25.1,Overweight,4.0,28.4,Muscle Gain,4,30,Intermediate,1,0,0,0,0
25,31,Female,188,118,33.39,Obese,5.0,44.8,Weight Loss,5,45,Advanced,0,0,0,1,1
26,19,Male,169,83,29.06,Overweight,3.0,21.9,Muscle Gain,4,60,Advanced,0,1,0,0,1
27,23,Male,154,54,22.77,Normal,2.0,16.2,Muscle Gain,4,60,Intermediate,1,0,0,1,0
28,37,Male,150,82,36.44,Obese,5.0,36.7,Weight Loss,5,30,Advanced,1,1,0,0,0
29,25,Male,179,87,27.15,Overweight,3.0,21.5,Maintain,3,45,Beginner,1,1,1,0,0
30,34,Male,198,126,32.14,Obese,5.0,33.2,Weight Loss,5,90,Advanced,0,0,0,0,0
31,20,Male,152,109,47.18,Obese,5.0,46.6,Weight Loss,2,45,Beginner,0,0,0,0,0
32,41,Male,194,85,22.58,Normal,3.0,19.6,Muscle Gain,5,45,Advanced,0,0,0,0,0
33,30,Male,163,82,30.86,Obese,5.0,31.1,Weight Loss,3,90,Intermediate,1,0,1,0,0
34,25,Female,179,60,18.73,Normal,3.0,21.4,Muscle Gain,4,30,Intermediate,1,0,0,0,0
35,42,Female,199,62,15.66,Underweight,3.0,22.1,Muscle Gain,3,45,Intermediate,1,0,0,0,1
36,18,Male,153,119,50.84,Obese,5.0,51.5,Weight Loss,4,45,Beginner,1,1,0,0,0
37,36,Male,167,86,30.84,Obese,4.0,28.8,Weight Loss,2,45,Beginner,0,0,0,0,0
38,44,Female,186,54,15.61,Underweight,3.0,18.3,Muscle Gain,5,45,Advanced,1,0,0,0,0
39,23,Male,174,64,21.14,Normal,2.0,15.1,Muscle Gain,5,30,Advanced,0,0,0,1,0
40,24,Male,197,75,19.33,Normal,2.0,14.3,Muscle Gain,3,45,Intermediate,0,0,1,0,1
41,30,Male,150,114,50.67,Obese,5.0,54.4,Weight Loss,5,30,Advanced,0,1,0,0,0
42,33,Female,195,90,23.67,Normal,5.0,30.1,Maintain,4,60,Intermediate,1,0,0,0,0
43,20,Female,164,54,20.08,Normal,3.0,20.3,Muscle Gain,4,45,Beginner,1,0,0,0,0
44,18,Female,158,107,42.86,Obese,5.0,53.8,Weight Loss,3,45,Intermediate,0,0,0,0,1
45,22,Female,164,60,22.31,Normal,4.0,25.3,Maintain,3,90,Intermediate,0,0,0,0,0
46,20,Female,198,52,13.26,Underweight,2.0,15.5,Muscle Gain,3,60,Intermediate,0,0,0,1,1
47,45,Male,173,125,41.77,Obese,5.0,46.6,Weight Loss,3,30,Intermediate,0,0,0,1,0
48,34,Female,153,58,24.78,Normal,5.0,30.0,Muscle Gain,5,90,Beginner,1,0,1,1,0
49,42,Male,161,73,28.16,Overweight,4.0,24.2,Maintain,2,45,Beginner,1,1,0,0,0
50,26,Male,186,117,33.82,Obese,4.0,29.7,Weight Loss,5,30,Advanced,0,1,0,1,0
51,30,Female,186,107,30.93,Obese,5.0,37.1,Weight Loss,3,60,Intermediate,1,0,0,0,1
52,47,Female,192,91,24.69,Normal,5.0,31.3,Maintain,4,60,Intermediate,1,0,0,0,0
53,31,Male,155,66,27.47,Overweight,4.0,25.9,Weight Loss,4,45,Intermediate,1,0,0,0,0
54,24,Male,188,68,19.24,Normal,2.0,11.6,Muscle Gain,5,45,Advanced,1,0,0,0,0
55,30,Male,195,67,17.62,Underweight,2.0,10.1,Muscle Gain,3,60,Intermediate,1,1,0,0,0
56,39,Female,173,74,24.73,Normal,4.0,29.3,Muscle Gain,3,45,Beginner,0,0,0,0,0
57,37,Female,160,47,18.36,Underweight,4.0,24.6,Muscle Gain,3,90,Intermediate,1,0,0,1,1
58,32,Female,162,55,20.96,Normal,4.0,26.6,Muscle Gain,2,45,Beginner,0,0,0,0,1
59,34,Female,183,75,22.4,Normal,4.0,25.0,Muscle Gain,3,90,Beginner,0,0,0,1,0
60,40,Female,174,69,22.79,Normal,5.0,30.3,Maintain,3,60,Intermediate,1,0,0,0,1
61,42,Male,156,57,23.42,Normal,3.0,20.2,Muscle Gain,3,90,Advanced,0,0,0,1,0
62,41,Female,153,41,17.51,Underweight,3.0,19.4,Muscle Gain,4,60,Intermediate,0,0,0,0,0
63,45,Male,157,88,35.7,Obese,5.0,37.2,Weight Loss,3,60,Intermediate,0,1,0,0,0
64,31,Male,169,116,40.61,Obese,5.0,42.0,Weight Loss,3,45,Beginner,0,0,1,0,0
65,17,Male,178,43,13.57,Underweight,1.0,3.0,Muscle Gain,3,45,Intermediate,0,1,1,0,0
66,41,Female,194,129,34.28,Obese,5.0,47.9,Weight Loss,4,45,Intermediate,0,0,0,0,1
67,23,Female,195,128,33.66,Obese,5.0,43.6,Weight Loss,5,90,Advanced,1,0,0,1,0
68,25,Female,159,114,45.09,Obese,5.0,58.7,Weight Loss,4,90,Advanced,1,0,0,0,0
69,40,Male,192,46,12.48,Underweight,1.0,4.2,Muscle Gain,4,45,Advanced,1,1,0,0,1
70,17,Male,183,113,33.74,Obese,4.0,29.7,Weight Loss,3,30,Intermediate,1,0,0,1,0
71,24,Male,175,78,25.47,Overweight,3.0,20.8,Maintain,4,45,Intermediate,0,0,0,0,0
72,40,Male,190,52,14.4,Underweight,1.0,7.3,Muscle Gain,3,60,Advanced,1,1,1,0,0
73,27,Male,198,70,17.86,Underweight,1.0,7.2,Muscle Gain,3,45,Beginner,1,0,1,0,0
74,33,Male,152,110,47.61,Obese,5.0,52.2,Weight Loss,4,60,Advanced,1,0,0,0,0
75,24,Female,155,102,42.46,Obese,5.0,55.7,Weight Loss,5,90,Advanced,1,0,0,1,0
76,49,Female,154,95,40.06,Obese,5.0,54.3,Weight Loss,2,30,Beginner,1,0,0,0,0
77,21,Female,154,81,34.15,Obese,5.0,39.1,Weight Loss,4,45,Intermediate,0,1,0,0,1
78,44,Female,196,100,26.03,Overweight,5.0,35.9,Weight Loss,4,45,Intermediate,1,0,0,0,0
79,23,Male,172,81,27.38,Overweight,3.0,20.6,Muscle Gain,2,45,Beginner,1,1,1,0,0
80,25,Male,198,95,24.23,Normal,2.0,16.9,Maintain,3,30,Intermediate,0,1,0,0,1
81,24,Female,158,75,30.04,Obese,5.0,34.6,Weight Loss,3,30,Beginner,0,0,0,0,0
82,28,Male,184,123,36.33,Obese,5.0,34.6,Weight Loss,2,90,Beginner,0,0,0,0,0
83,49,Female,169,107,37.46,Obese,5.0,52.4,Weight Loss,3,45,Beginner,1,0,1,0,0
84,39,Female,198,46,11.73,Underweight,2.0,13.7,Muscle Gain,3,45,Intermediate,0,0,1,0,0
85,40,Female,191,93,25.49,Overweight,5.0,31.1,Maintain,3,90,Beginner,0,0,0,0,0
86,38,Male,184,40,11.81,Underweight,1.0,5.4,Muscle Gain,4,60,Intermediate,0,0,0,1,0
87,43,Female,199,83,20.96,Normal,4.0,29.3,Maintain,4,30,Intermediate,1,0,1,0,0
88,17,Female,167,84,30.12,Obese,5.0,37.8,Weight Loss,5,60,Advanced,1,0,1,0,0
89,30,Female,166,86,31.21,Obese,5.0,37.6,Weight Loss,3,45,Advanced,1,0,0,0,0
90,19,Male,173,52,17.37,Underweight,1.0,7.6,Muscle Gain,4,60,Intermediate,1,1,0,0,1
91,17,Male,152,61,26.4,Overweight,3.0,23.0,Maintain,5,60,Advanced,1,0,0,1,0
92,21,Female,181,60,18.31,Underweight,3.0,21.4,Muscle Gain,4,60,Intermediate,1,0,0,0,0
93,42,Male,184,125,36.92,Obese,5.0,35.9,Weight Loss,3,45,Advanced,1,1,0,0,0
94,30,Male,187,48,13.73,Underweight,1.0,3.0,Muscle Gain,4,90,Intermediate,1,0,1,0,0
95,43,Male,162,65,24.77,Normal,3.0,21.8,Muscle Gain,3,30,Beginner,0,1,0,0,0
96,25,Male,196,48,12.49,Underweight,1.0,4.5,Muscle Gain,3,30,Intermediate,0,1,0,0,0
97,31,Male,174,54,17.84,Underweight,2.0,10.6,Muscle Gain,4,45,Intermediate,0,1,0,0,0
98,31,Male,158,49,19.63,Normal,2.0,12.9,Muscle Gain,4,30,Intermediate,0,0,0,0,0
99,42,Male,153,127,54.25,Obese,5.0,60.0,Weight Loss,2,45,Beginner,1,0,0,1,1
100,29,Male,163,81,30.49,Obese,4.0,28.6,Weight Loss,5,90,Advanced,1,1,1,1,1
101,48,Male,186,111,32.08,Obese,5.0,34.9,Weight Loss,4,90,Advanced,1,1,1,0,0
102,48,Male,183,63,18.81,Normal,2.0,13.8,Muscle Gain,3,45,Intermediate,1,0,0,0,1
103,20,Female,160,119,46.48,Obese,5.0,60.0,Weight Loss,5,45,Beginner,0,0,1,0,0
104,46,Female,190,88,24.38,Normal,5.0,35.0,Muscle Gain,3,45,Intermediate,1,1,0,0,1
105,39,Male,152,65,28.13,Overweight,4.0,24.2,Maintain,5,45,Advanced,0,0,0,1,0
106,31,Female,177,76,24.26,Normal,4.0,29.8,Maintain,4,30,Intermediate,1,0,0,0,1
107,45,Female,178,107,33.77,Obese,5.0,43.9,Weight Loss,2,90,Beginner,0,0,1,0,0
108,29,Male,158,89,35.65,Obese,5.0,36.6,Weight Loss,4,45,Intermediate,0,1,0,0,1
109,48,Male,152,63,27.27,Overweight,4.0,26.7,Muscle Gain,4,45,Intermediate,0,0,0,0,0
110,23,Male,174,58,19.16,Normal,2.0,11.8,Muscle Gain,4,30,Intermediate,0,0,1,0,0
111,38,Female,183,99,29.56,Overweight,5.0,40.0,Weight Loss,5,90,Advanced,1,0,0,0,0
112,44,Female,161,78,30.09,Obese,5.0,39.2,Weight Loss,4,60,Intermediate,0,0,0,0,0
113,18,Male,191,113,30.98,Obese,4.0,29.1,Weight Loss,4,90,Advanced,0,1,0,1,0
114,22,Male,158,128,51.27,Obese,5.0,55.6,Weight Loss,5,60,Advanced,1,0,0,0,0
115,44,Male,164,57,21.19,Normal,2.0,15.1,Muscle Gain,4,45,Advanced,0,1,0,0,1
116,44,Female,189,58,16.24,Underweight,3.0,21.8,Muscle Gain,3,45,Intermediate,1,0,0,0,0
117,36,Female,174,75,24.77,Normal,5.0,32.9,Muscle Gain,5,60,Advanced,0,0,0,0,0
118,46,Female,154,113,47.65,Obese,5.0,60.0,Weight Loss,3,45,Intermediate,1,0,0,0,1
119,27,Female,160,94,36.72,Obese,5.0,48.5,Weight Loss,4,60,Advanced,1,1,0,0,0
120,44,Male,183,108,32.25,Obese,5.0,35.0,Weight Loss,5,30,Beginner,0,1,0,0,0
121,41,Male,173,86,28.73,Overweight,4.0,25.8,Muscle Gain,4,30,Intermediate,0,1,0,0,0
122,49,Male,164,88,32.72,Obese,5.0,36.9,Weight Loss,4,60,Beginner,1,1,1,0,1
123,17,Male,187,72,20.59,Normal,1.0,9.8,Muscle Gain,4,60,Intermediate,1,0,1,0,0
124,43,Female,157,60,24.34,Normal,4.0,29.9,Muscle Gain,3,60,Intermediate,0,1,1,0,0
125,29,Female,154,120,50.6,Obese,5.0,60.0,Weight Loss,5,30,Advanced,1,0,1,0,1
126,19,Male,197,61,15.72,Underweight,1.0,7.9,Muscle Gain,3,60,Beginner,1,0,1,0,1
127,22,Male,175,87,28.41,Overweight,4.0,24.6,Weight Loss,2,30,Beginner,0,0,0,0,1
128,24,Female,167,76,27.25,Overweight,5.0,30.6,Maintain,3,30,Advanced,0,0,0,0,0
129,43,Male,155,54,22.48,Normal,3.0,18.4,Maintain,4,45,Intermediate,0,0,0,1,1
130,25,Female,186,74,21.39,Normal,4.0,25.4,Muscle Gain,4,30,Intermediate,0,0,1,0,1
131,49,Male,197,110,28.34,Overweight,4.0,25.4,Maintain,5,45,Advanced,1,1,0,0,0
132,40,Male,162,71,27.05,Overweight,4.0,27.0,Muscle Gain,3,45,Advanced,0,1,0,0,0
133,31,Male,177,50,15.96,Underweight,1.0,9.6,Muscle Gain,3,45,Beginner,1,0,0,0,0
134,48,Male,154,49,20.66,Normal,2.0,17.1,Muscle Gain,2,30,Advanced,1,0,0,0,0
135,48,Male,162,112,42.68,Obese,5.0,50.5,Weight Loss,3,30,Intermediate,0,1,0,0,0
136,40,Male,166,117,42.46,Obese,5.0,45.6,Weight Loss,4,30,Advanced,1,0,0,0,0
137,28,Male,199,116,29.29,Overweight,4.0,28.8,Weight Loss,2,30,Advanced,1,1,1,1,1
138,18,Female,189,96,26.87,Overweight,5.0,32.2,Weight Loss,3,60,Intermediate,0,0,0,1,0
139,19,Female,194,64,17.0,Underweight,3.0,18.5,Muscle Gain,3,45,Beginner,0,0,0,0,1
140,33,Female,181,41,12.51,Underweight,2.0,11.7,Muscle Gain,2,45,Beginner,1,0,1,0,0
141,18,Female,178,103,32.51,Obese,5.0,41.4,Weight Loss,3,45,Intermediate,1,0,0,0,0
142,18,Female,152,74,32.03,Obese,5.0,38.0,Weight Loss,2,60,Beginner,1,0,0,0,1
143,44,Male,189,46,12.88,Underweight,1.0,3.6,Muscle Gain,4,90,Intermediate,0,0,0,0,0
144,39,Male,183,124,37.03,Obese,5.0,35.4,Weight Loss,5,60,Advanced,0,1,0,0,1
145,48,Female,189,57,15.96,Underweight,3.0,21.2,Muscle Gain,4,60,Beginner,0,1,0,0,0
146,49,Male,176,106,34.22,Obese,5.0,36.2,Weight Loss,5,45,Beginner,1,0,0,0,0
147,17,Female,162,81,30.86,Obese,5.0,37.9,Weight Loss,3,60,Intermediate,1,0,0,0,0
148,35,Female,194,78,20.72,Normal,4.0,27.7,Muscle Gain,4,60,Beginner,1,0,1,1,1
149,18,Male,182,80,24.15,Normal,2.0,14.6,Muscle Gain,5,45,Advanced,1,0,0,0,0
150,42,Male,155,114,47.45,Obese,5.0,54.7,Weight Loss,3,45,Intermediate,1,1,0,0,1
151,48,Male,173,63,21.05,Normal,2.0,15.7,Muscle Gain,5,45,Advanced,0,1,0,0,0
152,22,Female,168,99,35.08,Obese,5.0,45.4,Weight Loss,2,90,Advanced,1,0,0,0,1
153,48,Male,165,85,31.22,Obese,5.0,33.7,Weight Loss,3,60,Intermediate,0,1,0,0,0
154,20,Female,189,58,16.24,Underweight,2.0,17.0,Muscle Gain,2,60,Beginner,1,1,0,0,1
155,27,Female,177,107,34.15,Obese,5.0,44.0,Weight Loss,4,45,Intermediate,0,0,0,0,0
156,33,Female,182,129,38.94,Obese,5.0,49.3,Weight Loss,4,45,Intermediate,1,0,1,0,0
157,40,Male,197,81,20.87,Normal,2.0,15.9,Muscle Gain,4,30,Advanced,1,1,0,0,1
158,21,Male,190,71,19.67,Normal,2.0,13.3,Muscle Gain,3,30,Advanced,0,0,0,1,0
159,22,Female,162,78,29.72,Overweight,5.0,35.6,Weight Loss,3,90,Intermediate,1,0,1,0,0
160,38,Male,192,75,20.35,Normal,2.0,14.2,Muscle Gain,2,60,Beginner,1,0,0,0,0
161,27,Male,194,75,19.93,Normal,2.0,12.6,Muscle Gain,3,45,Intermediate,0,0,1,0,1
162,32,Male,174,42,13.87,Underweight,1.0,7.0,Muscle Gain,5,90,Beginner,0,0,0,1,0
163,49,Female,191,112,30.7,Obese,5.0,40.5,Weight Loss,3,45,Advanced,0,0,0,0,0
164,25,Female,185,47,13.73,Underweight,2.0,12.1,Muscle Gain,5,90,Advanced,0,0,1,0,0
165,22,Male,176,109,35.19,Obese,5.0,34.4,Weight Loss,5,45,Advanced,0,1,0,1,0
166,32,Female,187,80,22.88,Normal,4.0,29.9,Muscle Gain,3,45,Intermediate,0,0,0,0,0
167,45,Male,156,107,43.97,Obese,5.0,46.6,Weight Loss,4,45,Intermediate,1,0,0,0,0
168,19,Male,154,52,21.93,Normal,2.0,12.6,Muscle Gain,2,30,Beginner,0,0,0,0,0
169,36,Male,192,88,23.87,Normal,2.0,17.5,Maintain,2,30,Beginner,1,0,0,0,0
170,35,Male,194,99,26.3,Overweight,3.0,21.9,Maintain,2,60,Beginner,1,0,0,0,0
171,42,Female,180,41,12.65,Underweight,2.0,15.0,Muscle Gain,4,90,Intermediate,0,0,0,0,0
172,19,Female,172,99,33.46,Obese,5.0,42.0,Weight Loss,3,60,Intermediate,0,0,0,0,0
173,35,Female,191,44,12.06,Underweight,2.0,14.3,Muscle Gain,4,30,Advanced,1,0,0,0,0
174,36,Male,159,83,32.83,Obese,5.0,32.8,Weight Loss,4,60,Beginner,1,0,0,0,0
175,48,Male,181,66,20.15,Normal,2.0,15.5,Muscle Gain,3,30,Intermediate,0,0,1,0,0
176,23,Male,192,71,19.26,Normal,2.0,13.2,Muscle Gain,4,30,Intermediate,1,0,0,0,0
177,49,Female,179,60,18.73,Normal,4.0,24.7,Muscle Gain,4,60,Intermediate,0,0,0,1,0
178,34,Male,188,47,13.3,Underweight,1.0,7.5,Muscle Gain,2,60,Intermediate,1,0,0,0,0
179,17,Female,180,111,34.26,Obese,5.0,42.1,Weight Loss,3,30,Intermediate,1,0,0,1,1
180,27,Female,167,89,31.91,Obese,5.0,37.4,Weight Loss,4,30,Intermediate,0,0,1,0,0
181,44,Female,185,106,30.97,Obese,5.0,42.1,Weight Loss,3,90,Advanced,1,0,0,0,0
182,41,Female,151,83,36.4,Obese,5.0,47.1,Weight Loss,4,30,Intermediate,1,0,1,0,0
183,39,Female,163,97,36.51,Obese,5.0,49.1,Weight Loss,3,45,Intermediate,1,1,0,1,0
184,47,Female,162,42,16.0,Underweight,3.0,18.2,Muscle Gain,3,60,Intermediate,0,0,0,0,1
185,46,Male,178,125,39.45,Obese,5.0,40.9,Weight Loss,2,30,Beginner,1,0,0,0,0
186,23,Male,161,109,42.05,Obese,5.0,44.9,Weight Loss,3,30,Intermediate,0,0,1,0,0
187,32,Female,188,41,11.6,Underweight,2.0,10.6,Muscle Gain,4,45,Beginner,0,0,0,0,1
188,42,Female,151,126,55.26,Obese,5.0,60.0,Weight Loss,3,60,Intermediate,1,0,1,0,0
189,18,Male,181,83,25.34,Overweight,2.0,17.4,Maintain,4,60,Intermediate,0,0,0,0,0
190,17,Female,162,41,15.62,Underweight,2.0,16.3,Muscle Gain,5,60,Intermediate,1,1,0,0,1
191,28,Female,195,120,31.56,Obese,5.0,40.5,Weight Loss,4,90,Intermediate,0,0,0,0,0
192,21,Male,176,74,23.89,Normal,2.0,17.3,Muscle Gain,4,60,Advanced,1,1,0,0,0
193,48,Female,198,126,32.14,Obese,5.0,42.2,Weight Loss,3,45,Beginner,0,0,0,0,0
194,25,Female,190,69,19.11,Normal,3.0,19.8,Muscle Gain,3,45,Intermediate,1,0,0,0,1
195,35,Female,166,47,17.06,Underweight,2.0,17.5,Muscle Gain,4,60,Intermediate,1,0,0,0,0
196,32,Male,189,61,17.08,Underweight,1.0,8.3,Muscle Gain,3,60,Intermediate,0,1,0,0,1
197,19,Male,180,83,25.62,Overweight,3.0,20.2,Muscle Gain,4,60,Intermediate,1,0,0,0,0
198,36,Male,183,97,28.96,Overweight,4.0,29.3,Weight Loss,2,60,Beginner,1,0,0,1,0
199,40,Female,173,75,25.06,Overweight,5.0,34.5,Maintain,4,30,Intermediate,1,0,1,0,0
200,49,Female,194,108,28.7,Overweight,5.0,40.3,Weight Loss,5,45,Advanced,1,0,0,0,0
201,40,Male,184,116,34.26,Obese,5.0,36.4,Weight Loss,5,45,Advanced,0,0,0,0,1
202,27,Female,197,70,18.04,Underweight,3.0,21.4,Muscle Gain,4,30,Intermediate,1,0,1,0,1
203,24,Female,155,86,35.8,Obese,5.0,43.2,Weight Loss,4,30,Advanced,1,0,0,0,1
204,36,Female,168,94,33.3,Obese,5.0,45.5,Weight Loss,4,60,Intermediate,0,0,1,0,0
205,41,Female,179,119,37.14,Obese,5.0,50.2,Weight Loss,4,60,Intermediate,0,0,0,0,0
206,41,Female,156,101,41.5,Obese,5.0,55.6,Weight Loss,2,45,Beginner,1,1,0,0,0
207,45,Male,159,69,27.29,Overweight,3.0,23.5,Maintain,3,45,Intermediate,1,0,0,1,0
208,34,Female,190,94,26.04,Overweight,5.0,32.3,Maintain,3,45,Beginner,1,0,0,0,1
209,34,Male,181,55,16.79,Underweight,1.0,9.2,Muscle Gain,5,30,Advanced,0,1,1,0,1
210,18,Female,183,51,15.23,Underweight,2.0,17.2,Muscle Gain,3,60,Intermediate,1,0,0,0,1
211,32,Male,177,56,17.87,Underweight,2.0,10.9,Muscle Gain,4,60,Intermediate,0,0,0,0,1
212,49,Female,164,55,20.45,Normal,4.0,26.5,Maintain,4,60,Intermediate,0,0,0,0,0
213,20,Male,179,51,15.92,Underweight,1.0,8.8,Muscle Gain,4,60,Intermediate,1,0,0,1,0
214,49,Female,186,47,13.59,Underweight,2.0,15.4,Muscle Gain,4,60,Advanced,1,0,0,0,0
215,30,Male,178,123,38.82,Obese,5.0,39.0,Weight Loss,3,30,Intermediate,1,1,0,0,0
216,37,Female,171,42,14.36,Underweight,2.0,14.1,Muscle Gain,4,45,Advanced,1,0,0,1,0
217,36,Male,153,55,23.5,Normal,3.0,20.5,Muscle Gain,5,30,Intermediate,0,0,0,0,0
218,24,Female,169,69,24.16,Normal,5.0,30.9,Muscle Gain,3,90,Intermediate,0,0,0,1,1
219,23,Male,181,62,18.92,Normal,1.0,9.3,Muscle Gain,3,30,Advanced,0,0,0,1,0
220,19,Male,185,44,12.86,Underweight,1.0,3.7,Muscle Gain,4,30,Intermediate,0,1,0,0,0
221,33,Female,199,123,31.06,Obese,5.0,38.2,Weight Loss,5,90,Advanced,1,0,0,0,1
222,49,Female,153,104,44.43,Obese,5.0,60.0,Weight Loss,2,90,Beginner,0,1,0,0,0
223,28,Male,176,69,22.28,Normal,2.0,17.6,Muscle Gain,4,60,Beginner,1,0,0,0,0
224,38,Female,166,60,21.77,Normal,4.0,29.2,Maintain,5,30,Advanced,0,0,1,0,0
225,38,Male,161,123,47.45,Obese,5.0,49.8,Weight Loss,3,30,Beginner,0,0,0,0,0
226,46,Male,171,109,37.28,Obese,5.0,42.6,Weight Loss,5,45,Advanced,0,1,0,0,1
227,24,Male,166,61,22.14,Normal,2.0,16.6,Maintain,4,30,Advanced,0,0,0,0,0
228,43,Female,159,121,47.86,Obese,5.0,60.0,Weight Loss,4,30,Beginner,1,0,0,0,0
229,43,Male,150,111,49.33,Obese,5.0,58.1,Weight Loss,4,45,Intermediate,1,1,0,0,0
230,37,Male,171,71,24.28,Normal,3.0,19.0,Muscle Gain,2,90,Beginner,0,0,1,1,0
231,46,Female,175,72,23.51,Normal,5.0,33.3,Muscle Gain,3,45,Intermediate,0,0,0,0,0
232,49,Female,167,55,19.72,Normal,3.0,23.9,Muscle Gain,3,60,Beginner,0,0,0,0,1
233,44,Female,199,115,29.04,Overweight,5.0,39.6,Weight Loss,3,60,Intermediate,1,0,1,1,0
234,49,Female,163,77,28.98,Overweight,5.0,39.4,Weight Loss,3,45,Intermediate,1,0,1,0,0
235,21,Male,196,53,13.8,Underweight,1.0,3.0,Muscle Gain,5,60,Advanced,0,1,0,1,0
236,35,Male,178,75,23.67,Normal,2.0,17.6,Maintain,5,45,Advanced,0,1,0,1,0
237,20,Male,161,62,23.92,Normal,2.0,14.2,Muscle Gain,4,30,Intermediate,0,0,0,0,0
238,33,Male,185,105,30.68,Obese,4.0,28.4,Weight Loss,5,60,Advanced,1,0,1,1,0
239,44,Female,184,124,36.63,Obese,5.0,47.8,Weight Loss,4,30,Intermediate,0,0,0,0,1
240,46,Male,161,41,15.82,Underweight,2.0,10.6,Muscle Gain,3,90,Intermediate,1,1,1,0,0
241,45,Male,156,112,46.02,Obese,5.0,50.6,Weight Loss,3,30,Intermediate,0,0,0,0,0
242,22,Female,178,104,32.82,Obese,5.0,38.9,Weight Loss,4,60,Intermediate,1,0,0,1,1
243,40,Male,160,114,44.53,Obese,5.0,50.4,Weight Loss,4,45,Advanced,0,1,0,0,0
244,45,Male,182,106,32.0,Obese,4.0,29.6,Weight Loss,3,30,Intermediate,1,1,1,1,0
245,47,Male,155,91,37.88,Obese,5.0,43.3,Weight Loss,4,30,Intermediate,0,0,0,0,0
246,49,Male,196,101,26.29,Overweight,4.0,27.2,Weight Loss,2,60,Intermediate,1,0,0,0,0
247,37,Male,164,62,23.05,Normal,3.0,19.6,Maintain,4,90,Advanced,1,0,0,0,0
248,48,Male,181,65,19.84,Normal,2.0,16.5,Muscle Gain,5,90,Advanced,0,1,0,0,0
249,39,Female,160,107,41.8,Obese,5.0,57.7,Weight Loss,4,45,Intermediate,0,0,0,1,1
250,49,Female,172,121,40.9,Obese,5.0,53.8,Weight Loss,5,60,Advanced,0,0,0,0,0
251,19,Male,175,94,30.69,Obese,3.0,23.8,Weight Loss,5,60,Beginner,0,1,0,0,0
252,34,Male,183,45,13.44,Underweight,1.0,3.2,Muscle Gain,5,60,Advanced,1,0,0,0,0
253,41,Female,195,74,19.46,Normal,4.0,26.4,Muscle Gain,5,45,Beginner,1,1,0,0,0
254,47,Male,183,61,18.21,Underweight,2.0,10.7,Muscle Gain,5,60,Advanced,0,1,1,0,1
255,19,Male,178,82,25.88,Overweight,3.0,20.2,Muscle Gain,4,90,Beginner,1,1,0,0,0
256,40,Male,153,54,23.07,Normal,3.0,22.1,Muscle Gain,2,45,Beginner,1,1,0,0,1
257,48,Female,166,125,45.36,Obese,5.0,60.0,Weight Loss,3,90,Intermediate,0,0,0,0,0
258,38,Male,184,99,29.24,Overweight,4.0,27.5,Weight Loss,4,60,Intermediate,1,0,0,0,0
259,39,Female,162,51,19.43,Normal,3.0,21.6,Muscle Gain,3,30,Beginner,0,0,0,0,0
260,18,Male,190,88,24.38,Normal,3.0,19.4,Maintain,3,30,Intermediate,0,0,1,0,1
261,43,Female,188,81,22.92,Normal,5.0,30.3,Maintain,5,45,Advanced,0,0,0,0,1
262,18,Female,164,77,28.63,Overweight,5.0,31.4,Maintain,5,60,Intermediate,0,0,1,0,0
263,42,Male,178,121,38.19,Obese,5.0,38.0,Weight Loss,5,90,Beginner,1,1,1,0,1
264,33,Female,178,84,26.51,Overweight,5.0,35.6,Weight Loss,3,30,Intermediate,1,1,1,0,1
265,49,Male,160,74,28.91,Overweight,4.0,29.7,Weight Loss,2,90,Beginner,0,0,0,0,1
266,25,Female,181,69,21.06,Normal,4.0,26.2,Maintain,2,90,Beginner,0,0,0,0,0
267,45,Male,151,127,55.7,Obese,5.0,60.0,Weight Loss,3,30,Intermediate,0,0,0,0,0
268,42,Male,196,69,17.96,Underweight,2.0,12.8,Muscle Gain,2,90,Advanced,0,1,1,0,0
269,41,Female,163,117,44.04,Obese,5.0,58.9,Weight Loss,2,90,Beginner,1,0,0,1,1
270,40,Male,169,45,15.76,Underweight,1.0,8.5,Muscle Gain,5,60,Advanced,1,1,0,0,0
271,29,Male,171,106,36.25,Obese,5.0,34.6,Weight Loss,4,60,Advanced,0,1,0,0,0
272,23,Female,160,119,46.48,Obese,5.0,58.9,Weight Loss,3,90,Advanced,0,0,0,1,0
273,36,Male,176,46,14.85,Underweight,1.0,8.7,Muscle Gain,2,60,Intermediate,0,0,0,0,0
274,17,Male,152,91,39.39,Obese,5.0,38.7,Weight Loss,4,45,Intermediate,0,1,0,0,1
275,24,Female,166,53,19.23,Normal,3.0,23.9,Muscle Gain,2,90,Beginner,1,0,0,0,0
276,32,Female,193,112,30.07,Obese,5.0,37.6,Weight Loss,5,60,Advanced,0,0,0,0,0
277,30,Male,177,54,17.24,Underweight,2.0,10.1,Muscle Gain,3,60,Intermediate,1,1,0,0,0
278,28,Male,178,60,18.94,Normal,2.0,12.3,Muscle Gain,3,45,Intermediate,0,1,0,1,0
279,39,Female,170,74,25.61,Overweight,5.0,33.4,Muscle Gain,3,60,Intermediate,1,0,0,0,1
280,31,Female,196,105,27.33,Overweight,5.0,35.2,Weight Loss,2,30,Beginner,1,0,0,0,0
281,44,Male,165,41,15.06,Underweight,1.0,7.1,Muscle Gain,4,90,Intermediate,1,1,1,1,0
282,18,Female,186,74,21.39,Normal,3.0,23.7,Muscle Gain,4,45,Intermediate,0,0,0,0,0
283,48,Male,169,121,42.37,Obese,5.0,44.9,Weight Loss,4,30,Beginner,0,1,0,1,0
284,39,Male,155,117,48.7,Obese,5.0,53.9,Weight Loss,2,45,Beginner,0,0,0,0,0
285,38,Male,168,59,20.9,Normal,2.0,15.7,Muscle Gain,4,30,Intermediate,1,0,0,0,0
286,41,Male,154,121,51.02,Obese,5.0,59.1,Weight Loss,4,60,Intermediate,0,1,1,0,0
287,38,Male,152,49,21.21,Normal,3.0,18.9,Muscle Gain,5,90,Intermediate,1,0,0,0,0
288,38,Female,150,64,28.44,Overweight,5.0,37.2,Weight Loss,3,90,Advanced,0,0,1,0,0
289,22,Female,187,105,30.03,Obese,5.0,37.7,Weight Loss,3,30,Intermediate,0,0,0,0,0
290,31,Female,164,64,23.8,Normal,4.0,29.1,Maintain,4,30,Intermediate,0,0,0,0,1
291,49,Female,183,93,27.77,Overweight,5.0,38.2,Weight Loss,4,90,Advanced,1,0,0,1,0
292,24,Male,184,72,21.27,Normal,2.0,11.5,Muscle Gain,3,90,Intermediate,0,0,1,0,0
293,21,Male,198,75,19.13,Normal,1.0,9.1,Muscle Gain,3,45,Intermediate,0,0,0,0,1
294,20,Male,174,53,17.51,Underweight,1.0,7.4,Muscle Gain,3,45,Advanced,0,1,1,0,0
295,22,Male,173,104,34.75,Obese,5.0,32.3,Weight Loss,5,45,Beginner,1,0,0,0,0
296,48,Female,161,119,45.91,Obese,5.0,59.8,Weight Loss,3,90,Intermediate,0,0,1,0,1
297,46,Male,167,93,33.35,Obese,5.0,32.2,Weight Loss,5,60,Advanced,0,1,1,0,0
298,32,Male,164,91,33.83,Obese,5.0,31.5,Weight Loss,4,45,Intermediate,0,0,0,0,1
299,29,Female,193,42,11.28,Underweight,2.0,14.1,Muscle Gain,5,45,Advanced,1,0,1,1,1
300,46,Female,165,80,29.38,Overweight,5.0,38.2,Weight Loss,5,90,Advanced,1,0,0,1,1
301,35,Female,176,45,14.53,Underweight,2.0,16.7,Muscle Gain,3,30,Intermediate,1,0,0,0,0
302,33,Female,157,64,25.96,Overweight,5.0,30.5,Maintain,5,45,Advanced,1,0,0,0,0
303,35,Male,195,52,13.68,Underweight,1.0,5.9,Muscle Gain,2,60,Intermediate,1,0,0,0,1
304,44,Male,174,47,15.52,Underweight,1.0,8.0,Muscle Gain,5,30,Advanced,0,0,0,1,0
305,42,Female,166,60,21.77,Normal,4.0,26.2,Muscle Gain,4,30,Intermediate,0,0,0,1,0
306,42,Male,178,107,33.77,Obese,5.0,34.4,Weight Loss,2,90,Beginner,0,1,0,1,1
307,39,Male,157,64,25.96,Overweight,3.0,20.0,Maintain,4,90,Intermediate,1,0,0,0,1
308,25,Male,164,118,43.87,Obese,5.0,42.7,Weight Loss,5,90,Advanced,1,0,1,0,0
309,28,Female,176,107,34.54,Obese,5.0,41.8,Weight Loss,2,90,Intermediate,1,0,0,0,0
310,17,Male,195,84,22.09,Normal,2.0,11.3,Muscle Gain,4,60,Intermediate,1,0,0,0,0
311,17,Female,199,99,25.0,Overweight,4.0,26.1,Maintain,4,90,Advanced,0,0,0,0,0
312,48,Male,156,51,20.96,Normal,2.0,16.5,Muscle Gain,5,45,Advanced,0,0,0,0,0
313,41,Male,152,71,30.73,Obese,5.0,31.8,Weight Loss,3,60,Intermediate,1,1,0,0,0
314,17,Male,178,52,16.41,Underweight,1.0,6.6,Muscle Gain,3,90,Intermediate,0,0,0,0,0
315,32,Female,193,70,18.79,Normal,3.0,22.3,Muscle Gain,2,45,Advanced,0,0,0,0,0
316,21,Male,173,117,39.09,Obese,5.0,37.1,Weight Loss,4,45,Intermediate,1,1,0,1,0
317,38,Female,152,59,25.54,Overweight,5.0,35.2,Weight Loss,3,45,Intermediate,1,0,0,0,0
318,45,Female,169,57,19.96,Normal,4.0,25.3,Muscle Gain,5,30,Advanced,0,0,0,0,0
319,19,Female,195,99,26.04,Overweight,4.0,27.8,Muscle Gain,2,30,Beginner,0,0,0,0,1
320,28,Male,164,102,37.92,Obese,5.0,38.6,Weight Loss,4,90,Intermediate,1,1,0,0,1
321,42,Male,174,45,14.86,Underweight,1.0,5.7,Muscle Gain,2,90,Beginner,1,0,0,0,1
322,32,Male,179,71,22.16,Normal,2.0,15.7,Muscle Gain,2,45,Advanced,1,1,0,0,1
323,38,Male,163,82,30.86,Obese,4.0,29.7,Weight Loss,3,30,Intermediate,1,1,0,0,0
324,45,Female,156,41,16.85,Underweight,3.0,23.9,Muscle Gain,3,30,Intermediate,0,0,1,0,0
325,30,Female,166,99,35.93,Obese,5.0,45.7,Weight Loss,4,90,Advanced,1,1,1,0,1
326,44,Female,193,62,16.64,Underweight,3.0,22.4,Muscle Gain,5,45,Advanced,0,0,0,1,0
327,21,Male,169,122,42.72,Obese,5.0,46.4,Weight Loss,4,45,Intermediate,0,1,0,0,0
328,46,Female,185,70,20.45,Normal,4.0,24.6,Muscle Gain,5,45,Advanced,0,0,0,1,0
329,21,Male,158,44,17.63,Underweight,1.0,7.2,Muscle Gain,5,45,Advanced,0,1,0,0,0
330,28,Female,187,122,34.89,Obese,5.0,43.3,Weight Loss,4,45,Intermediate,1,1,1,1,1
331,32,Male,197,73,18.81,Normal,2.0,11.5,Muscle Gain,5,90,Advanced,0,0,0,0,0
332,42,Male,171,49,16.76,Underweight,2.0,10.1,Muscle Gain,4,60,Intermediate,1,0,0,0,0
333,42,Female,151,128,56.14,Obese,5.0,60.0,Weight Loss,2,60,Beginner,1,0,0,1,0
334,37,Female,173,41,13.7,Underweight,2.0,17.2,Muscle Gain,4,45,Intermediate,1,0,0,0,0
335,49,Female,157,50,20.28,Normal,4.0,27.7,Maintain,2,60,Beginner,1,0,0,0,0
336,46,Female,160,89,34.77,Obese,5.0,45.5,Weight Loss,4,60,Intermediate,1,0,1,0,1
337,39,Male,162,70,26.67,Overweight,4.0,25.9,Weight Loss,4,30,Intermediate,0,1,0,0,0
338,26,Female,166,95,34.48,Obese,5.0,45.8,Weight Loss,2,60,Beginner,0,0,1,0,0
339,21,Female,157,118,47.87,Obese,5.0,60.0,Weight Loss,3,45,Intermediate,0,0,0,0,0
340,47,Female,170,112,38.75,Obese,5.0,49.4,Weight Loss,5,90,Advanced,1,0,0,0,0
341,26,Male,167,126,45.18,Obese,5.0,48.4,Weight Loss,4,45,Intermediate,0,0,0,0,0
342,35,Male,179,122,38.08,Obese,5.0,36.5,Weight Loss,3,90,Intermediate,1,0,0,0,0
343,48,Female,167,48,17.21,Underweight,3.0,21.1,Muscle Gain,4,30,Beginner,1,0,0,0,0
344,17,Male,195,60,15.78,Underweight,1.0,3.0,Muscle Gain,4,60,Intermediate,0,0,0,0,0
345,21,Female,196,112,29.15,Overweight,5.0,35.5,Weight Loss,4,60,Intermediate,0,1,0,0,0
346,20,Male,180,67,20.68,Normal,2.0,13.7,Muscle Gain,5,60,Intermediate,0,0,0,0,0
347,32,Male,187,101,28.88,Overweight,3.0,23.6,Maintain,4,45,Intermediate,1,1,0,0,0
348,40,Male,181,46,14.04,Underweight,1.0,5.9,Muscle Gain,3,45,Intermediate,0,0,0,0,0
349,32,Male,160,119,46.48,Obese,5.0,50.1,Weight Loss,5,60,Advanced,1,1,0,1,1
350,18,Female,194,55,14.61,Underweight,2.0,13.4,Muscle Gain,5,45,Advanced,0,0,0,0,1
351,44,Female,174,43,14.2,Underweight,2.0,15.5,Muscle Gain,2,45,Beginner,1,0,1,0,1
352,48,Female,182,43,12.98,Underweight,2.0,16.2,Muscle Gain,3,60,Intermediate,0,0,0,1,1
353,43,Male,187,79,22.59,Normal,3.0,20.4,Maintain,3,60,Intermediate,0,1,0,0,0
354,36,Female,190,56,15.51,Underweight,2.0,15.7,Muscle Gain,4,45,Beginner,0,0,0,0,0
355,40,Female,157,91,36.92,Obese,5.0,46.2,Weight Loss,4,45,Intermediate,0,0,1,0,0
356,28,Female,160,91,35.55,Obese,5.0,44.0,Weight Loss,4,45,Intermediate,1,0,0,0,1
357,49,Male,171,75,25.65,Overweight,4.0,26.8,Maintain,5,60,Advanced,0,0,1,0,0
358,49,Male,173,77,25.73,Overweight,4.0,25.3,Muscle Gain,4,60,Intermediate,1,0,1,0,0
359,28,Male,190,89,24.65,Normal,3.0,20.5,Muscle Gain,2,90,Beginner,0,1,0,0,0
360,19,Female,166,102,37.02,Obese,5.0,44.7,Weight Loss,3,90,Intermediate,0,0,0,0,0
361,17,Female,161,102,39.35,Obese,5.0,49.0,Weight Loss,3,45,Beginner,0,0,1,0,0
362,49,Female,195,101,26.56,Overweight,5.0,32.8,Maintain,3,30,Advanced,1,0,0,0,0
363,26,Male,181,46,14.04,Underweight,1.0,5.2,Muscle Gain,4,30,Intermediate,0,0,1,0,0
364,45,Male,164,66,24.54,Normal,4.0,24.5,Muscle Gain,5,45,Advanced,1,1,1,0,1
365,29,Female,165,125,45.91,Obese,5.0,60.0,Weight Loss,3,90,Intermediate,0,0,0,1,0
366,28,Male,171,53,18.13,Underweight,2.0,12.6,Muscle Gain,4,60,Intermediate,0,0,1,0,0
367,47,Male,177,110,35.11,Obese,5.0,38.3,Weight Loss,4,45,Advanced,1,0,0,0,0
368,18,Male,169,125,43.77,Obese,5.0,42.1,Weight Loss,3,45,Beginner,0,0,0,0,0
369,39,Male,182,44,13.28,Underweight,1.0,7.8,Muscle Gain,2,60,Beginner,0,0,0,0,0
370,33,Female,159,94,37.18,Obese,5.0,45.4,Weight Loss,3,60,Intermediate,1,0,0,0,1
371,42,Male,189,41,11.48,Underweight,1.0,3.5,Muscle Gain,2,30,Beginner,1,0,0,0,0
372,24,Male,181,101,30.83,Obese,4.0,25.2,Weight Loss,5,90,Advanced,1,0,0,0,0
373,45,Male,199,60,15.15,Underweight,1.0,6.0,Muscle Gain,2,60,Beginner,1,1,0,0,1
374,42,Male,182,118,35.62,Obese,5.0,36.4,Weight Loss,3,30,Intermediate,1,0,0,0,0
375,26,Female,151,60,26.31,Overweight,5.0,30.5,Maintain,4,90,Intermediate,0,0,0,0,1
376,42,Female,182,49,14.79,Underweight,3.0,18.2,Muscle Gain,5,30,Intermediate,0,0,0,0,0
377,23,Male,182,126,38.04,Obese,5.0,37.7,Weight Loss,2,90,Advanced,0,1,1,1,0
378,20,Male,190,97,26.87,Overweight,3.0,18.5,Maintain,2,90,Beginner,0,1,0,1,0
379,27,Male,162,78,29.72,Overweight,4.0,24.0,Weight Loss,2,60,Beginner,1,1,1,0,1
380,45,Male,179,44,13.73,Underweight,1.0,7.3,Muscle Gain,2,60,Beginner,1,0,0,0,0
381,41,Male,182,104,31.4,Obese,4.0,29.9,Weight Loss,3,45,Intermediate,0,0,1,0,0
382,37,Male,162,52,19.81,Normal,2.0,15.5,Muscle Gain,4,90,Intermediate,0,0,0,0,0
383,26,Female,175,124,40.49,Obese,5.0,52.4,Weight Loss,3,60,Intermediate,0,0,0,0,0
384,25,Male,171,129,44.12,Obese,5.0,48.1,Weight Loss,2,60,Beginner,1,0,0,0,0
385,40,Female,188,124,35.08,Obese,5.0,47.3,Weight Loss,5,90,Advanced,0,0,0,0,1
386,34,Female,151,92,40.35,Obese,5.0,52.1,Weight Loss,3,90,Intermediate,1,1,0,1,1
387,48,Male,187,121,34.6,Obese,5.0,37.5,Weight Loss,3,90,Intermediate,1,0,1,0,0
388,40,Female,188,84,23.77,Normal,4.0,29.1,Muscle Gain,3,45,Intermediate,1,0,0,1,0
389,39,Female,175,71,23.18,Normal,4.0,28.3,Muscle Gain,5,90,Advanced,0,0,1,0,0
390,48,Female,195,75,19.72,Normal,4.0,27.8,Maintain,2,60,Intermediate,1,0,0,0,0
391,28,Female,199,120,30.3,Obese,5.0,37.3,Weight Loss,5,90,Advanced,0,0,0,1,0
392,29,Female,164,99,36.81,Obese,5.0,48.6,Weight Loss,4,60,Intermediate,0,0,1,0,1
393,39,Female,183,50,14.93,Underweight,3.0,19.9,Muscle Gain,2,45,Advanced,1,0,1,0,0
394,41,Male,191,102,27.96,Overweight,4.0,28.2,Weight Loss,5,45,Advanced,1,1,0,0,0
395,46,Female,193,60,16.11,Underweight,3.0,23.3,Muscle Gain,3,60,Intermediate,1,0,0,1,0
396,33,Female,198,91,23.21,Normal,4.0,28.1,Muscle Gain,2,60,Beginner,0,0,0,1,0
397,36,Female,189,94,26.32,Overweight,5.0,32.3,Maintain,5,45,Advanced,0,0,0,1,0
398,41,Male,160,65,25.39,Overweight,3.0,23.0,Maintain,4,60,Beginner,1,1,1,0,0
399,38,Female,152,107,46.31,Obese,5.0,60.0,Weight Loss,4,45,Intermediate,1,0,0,0,0
400,29,Male,155,73,30.39,Obese,4.0,28.1,Weight Loss,2,90,Beginner,0,0,0,0,0
401,35,Female,158,91,36.45,Obese,5.0,48.5,Weight Loss,3,45,Beginner,0,0,0,0,0
402,28,Male,155,121,50.36,Obese,5.0,56.3,Weight Loss,4,30,Beginner,0,1,0,0,0
403,35,Male,158,91,36.45,Obese,5.0,36.2,Weight Loss,3,30,Intermediate,1,1,0,0,1
404,28,Female,188,68,19.24,Normal,3.0,20.2,Muscle Gain,3,30,Intermediate,1,0,0,0,1
405,25,Female,180,77,23.77,Normal,4.0,27.6,Muscle Gain,2,45,Beginner,1,1,0,0,0
406,23,Male,181,81,24.72,Normal,2.0,16.6,Maintain,2,30,Beginner,1,0,0,0,0
407,44,Female,190,60,16.62,Underweight,3.0,23.5,Muscle Gain,5,30,Advanced,0,0,0,0,0
408,30,Male,199,81,20.45,Normal,2.0,13.0,Muscle Gain,3,90,Intermediate,0,1,1,0,0
409,47,Male,161,52,20.06,Normal,2.0,14.0,Muscle Gain,5,90,Intermediate,1,1,0,0,1
410,35,Male,157,103,41.79,Obese,5.0,41.5,Weight Loss,3,45,Beginner,0,0,0,0,1
411,32,Male,157,56,22.72,Normal,3.0,18.2,Muscle Gain,4,90,Intermediate,0,1,0,0,0
412,21,Male,199,48,12.12,Underweight,1.0,3.0,Muscle Gain,3,30,Intermediate,1,0,0,1,0
413,28,Female,177,80,25.54,Overweight,5.0,30.0,Maintain,3,60,Beginner,1,0,0,1,1
414,41,Male,169,40,14.01,Underweight,1.0,4.1,Muscle Gain,2,60,Beginner,0,1,0,0,0
415,37,Male,196,41,10.67,Underweight,1.0,3.0,Muscle Gain,3,45,Beginner,1,1,0,0,0
416,39,Female,156,99,40.68,Obese,5.0,52.7,Weight Loss,4,45,Intermediate,0,0,0,0,0
417,32,Male,160,87,33.98,Obese,5.0,34.1,Weight Loss,5,45,Advanced,0,0,0,0,1
418,30,Female,169,68,23.81,Normal,4.0,29.5,Maintain,4,45,Intermediate,1,0,0,0,1
419,47,Female,165,49,18.0,Underweight,3.0,22.7,Muscle Gain,2,60,Intermediate,1,1,1,1,1
420,21,Female,153,97,41.44,Obese,5.0,50.3,Weight Loss,2,30,Beginner,0,0,1,0,1
421,39,Male,155,99,41.21,Obese,5.0,47.1,Weight Loss,2,30,Advanced,0,1,1,1,0
422,45,Male,171,60,20.52,Normal,2.0,16.1,Muscle Gain,4,30,Intermediate,0,1,0,0,1
423,27,Male,175,67,21.88,Normal,2.0,16.5,Maintain,4,45,Intermediate,1,0,0,0,0
424,34,Female,152,114,49.34,Obese,5.0,60.0,Weight Loss,5,60,Advanced,1,0,0,0,0
425,28,Male,190,73,20.22,Normal,2.0,13.2,Muscle Gain,2,30,Beginner,1,0,0,1,0
426,25,Female,191,47,12.88,Underweight,2.0,10.1,Muscle Gain,4,90,Intermediate,0,0,0,0,0
427,26,Male,163,98,36.89,Obese,5.0,36.1,Weight Loss,3,45,Intermediate,0,1,0,0,0
428,33,Female,160,125,48.83,Obese,5.0,60.0,Weight Loss,4,30,Beginner,1,0,0,0,1
429,23,Male,167,111,39.8,Obese,5.0,39.0,Weight Loss,4,60,Beginner,1,0,1,0,1
430,29,Male,161,88,33.95,Obese,4.0,29.7,Weight Loss,4,30,Intermediate,0,0,0,0,0
431,25,Male,172,118,39.89,Obese,5.0,37.3,Weight Loss,4,60,Intermediate,0,1,1,0,0
432,43,Female,161,56,21.6,Normal,4.0,27.2,Muscle Gain,2,60,Beginner,1,0,0,0,0
433,18,Female,162,99,37.72,Obese,5.0,44.3,Weight Loss,4,45,Beginner,1,0,1,0,0
434,21,Male,174,126,41.62,Obese,5.0,39.0,Weight Loss,2,30,Intermediate,0,0,0,0,0
435,45,Male,194,127,33.74,Obese,5.0,36.3,Weight Loss,4,45,Advanced,0,0,1,0,1
436,35,Female,168,84,29.76,Overweight,5.0,37.7,Weight Loss,3,30,Advanced,1,0,1,1,1
437,24,Female,195,122,32.08,Obese,5.0,38.2,Weight Loss,4,30,Intermediate,1,0,0,0,0
438,17,Female,185,108,31.56,Obese,5.0,40.0,Weight Loss,5,45,Advanced,1,1,1,1,1
439,38,Male,194,71,18.86,Normal,2.0,10.7,Muscle Gain,5,45,Advanced,0,0,0,0,0
440,33,Female,157,83,33.67,Obese,5.0,45.8,Weight Loss,5,60,Advanced,1,0,0,1,0
441,23,Male,178,104,32.82,Obese,4.0,28.8,Weight Loss,4,60,Intermediate,1,1,0,1,1
442,41,Female,181,126,38.46,Obese,5.0,53.3,Weight Loss,4,60,Advanced,1,1,0,0,1
443,20,Male,193,47,12.62,Underweight,1.0,3.0,Muscle Gain,4,30,Intermediate,0,0,0,1,0
444,22,Female,167,116,41.59,Obese,5.0,54.3,Weight Loss,5,30,Advanced,0,0,1,1,0
445,47,Female,155,111,46.2,Obese,5.0,60.0,Weight Loss,3,90,Intermediate,0,0,1,1,0
446,35,Female,167,126,45.18,Obese,5.0,58.1,Weight Loss,5,60,Beginner,1,0,0,1,0
447,43,Female,168,82,29.05,Overweight,5.0,41.0,Weight Loss,5,90,Advanced,0,1,0,0,0
448,26,Female,171,40,13.68,Underweight,2.0,13.5,Muscle Gain,4,45,Intermediate,0,0,0,0,0
449,42,Male,186,90,26.01,Overweight,3.0,22.8,Maintain,3,60,Intermediate,0,0,0,1,0
450,35,Female,181,63,19.23,Normal,3.0,22.4,Muscle Gain,2,60,Beginner,1,0,1,0,0
451,19,Female,190,63,17.45,Underweight,3.0,18.5,Muscle Gain,5,45,Advanced,1,0,0,1,0
452,29,Female,152,56,24.24,Normal,4.0,27.3,Muscle Gain,2,45,Beginner,1,1,1,0,0
453,44,Male,177,44,14.04,Underweight,1.0,7.5,Muscle Gain,5,60,Intermediate,1,1,0,0,0
454,36,Female,159,59,23.34,Normal,4.0,29.5,Maintain,3,45,Advanced,1,0,1,0,0
455,44,Male,184,60,17.72,Underweight,2.0,13.9,Muscle Gain,3,45,Beginner,0,0,1,0,0
456,24,Female,178,97,30.61,Obese,5.0,39.4,Weight Loss,5,60,Advanced,1,0,1,0,1
457,17,Female,164,70,26.03,Overweight,4.0,29.5,Muscle Gain,4,90,Intermediate,1,0,0,1,1
458,19,Male,182,50,15.09,Underweight,1.0,3.5,Muscle Gain,4,45,Intermediate,0,1,0,0,0
459,29,Female,156,91,37.39,Obese,5.0,46.2,Weight Loss,4,45,Intermediate,0,1,1,0,0
460,44,Male,161,54,20.83,Normal,2.0,14.8,Muscle Gain,3,30,Intermediate,0,1,0,1,0
461,41,Male,198,122,31.12,Obese,4.0,27.8,Weight Loss,4,60,Intermediate,0,0,0,0,0
462,49,Female,179,46,14.36,Underweight,2.0,17.9,Muscle Gain,3,45,Beginner,0,0,0,0,1
463,22,Male,170,67,23.18,Normal,2.0,15.0,Maintain,5,90,Beginner,1,0,0,0,0
464,48,Female,180,90,27.78,Overweight,5.0,40.1,Weight Loss,5,45,Intermediate,1,0,0,0,0
465,37,Female,173,97,32.41,Obese,5.0,42.3,Weight Loss,3,45,Intermediate,1,0,1,0,1
466,32,Male,169,44,15.41,Underweight,1.0,6.3,Muscle Gain,4,60,Intermediate,0,1,0,0,1
467,37,Male,186,44,12.72,Underweight,1.0,4.7,Muscle Gain,4,90,Intermediate,0,0,1,1,0
468,27,Male,153,47,20.08,Normal,2.0,10.7,Muscle Gain,3,45,Intermediate,1,1,0,1,1
469,35,Male,177,103,32.88,Obese,5.0,31.6,Weight Loss,5,45,Advanced,0,0,0,1,0
470,36,Female,193,49,13.15,Underweight,2.0,15.8,Muscle Gain,2,90,Intermediate,1,0,0,0,0
471,34,Female,169,77,26.96,Overweight,5.0,33.8,Maintain,3,30,Intermediate,0,0,0,0,0
472,30,Male,173,120,40.09,Obese,5.0,40.6,Weight Loss,4,90,Intermediate,0,0,0,0,1
473,31,Female,199,47,11.87,Underweight,2.0,15.4,Muscle Gain,4,30,Intermediate,0,0,0,0,0
474,47,Female,198,64,16.32,Underweight,3.0,23.5,Muscle Gain,4,60,Intermediate,0,0,0,0,1
475,17,Female,181,112,34.19,Obese,5.0,42.0,Weight Loss,4,60,Beginner,1,0,0,1,0
476,19,Female,190,105,29.09,Overweight,5.0,34.9,Weight Loss,4,45,Intermediate,1,0,0,0,1
477,32,Male,185,118,34.48,Obese,5.0,34.4,Weight Loss,4,90,Intermediate,0,0,0,0,0
478,39,Male,183,89,26.58,Overweight,3.0,22.1,Maintain,2,30,Beginner,0,1,1,0,0
479,27,Female,185,106,30.97,Obese,5.0,37.7,Weight Loss,3,45,Intermediate,0,0,1,0,0
480,28,Male,151,88,38.59,Obese,5.0,36.0,Weight Loss,3,60,Intermediate,0,0,0,0,1
481,26,Male,164,75,27.89,Overweight,3.0,23.4,Weight Loss,3,45,Intermediate,1,1,1,0,1
482,48,Male,183,107,31.95,Obese,5.0,33.0,Weight Loss,4,60,Beginner,0,1,1,0,0
483,32,Female,185,117,34.19,Obese,5.0,42.0,Weight Loss,2,30,Beginner,1,0,0,0,0
484,24,Female,155,80,33.3,Obese,5.0,43.9,Weight Loss,3,30,Intermediate,1,0,0,1,0
485,28,Female,188,128,36.22,Obese,5.0,48.3,Weight Loss,3,30,Intermediate,0,0,0,1,0
486,40,Male,191,101,27.69,Overweight,4.0,26.9,Maintain,5,30,Advanced,0,0,1,1,0
487,44,Female,161,49,18.9,Normal,4.0,24.5,Muscle Gain,5,45,Advanced,1,0,1,0,1
488,24,Female,152,60,25.97,Overweight,5.0,33.2,Weight Loss,4,60,Beginner,1,0,0,0,1
489,44,Male,194,75,19.93,Normal,2.0,13.2,Muscle Gain,5,90,Beginner,0,0,0,1,0
490,42,Female,167,51,18.29,Underweight,4.0,24.9,Muscle Gain,4,90,Intermediate,0,0,0,0,1
491,24,Female,189,41,11.48,Underweight,2.0,10.0,Muscle Gain,4,30,Intermediate,1,0,0,1,1
492,44,Male,170,52,17.99,Underweight,2.0,14.5,Muscle Gain,2,45,Beginner,0,0,0,0,0
493,44,Male,164,92,34.21,Obese,5.0,33.9,Weight Loss,4,30,Intermediate,0,0,0,1,1
494,43,Male,182,71,21.43,Normal,3.0,19.6,Muscle Gain,4,45,Beginner,1,0,1,0,0
495,33,Female,184,55,16.25,Underweight,3.0,21.5,Muscle Gain,4,60,Intermediate,0,0,1,0,0
496,25,Female,175,71,23.18,Normal,4.0,25.1,Muscle Gain,4,30,Intermediate,0,1,0,0,1
497,49,Female,157,71,28.8,Overweight,5.0,38.6,Weight Loss,4,45,Intermediate,1,0,0,0,0
498,36,Male,185,50,14.61,Underweight,1.0,9.6,Muscle Gain,4,90,Beginner,0,1,0,0,0
499,29,Male,197,49,12.63,Underweight,1.0,3.0,Muscle Gain,5,45,Advanced,0,1,0,0,0
500,44,Female,179,54,16.85,Underweight,3.0,23.6,Muscle Gain,3,45,Intermediate,0,0,0,0,1
501,45,Female,172,56,18.93,Normal,4.0,25.0,Muscle Gain,4,30,Intermediate,1,0,1,1,0
502,29,Male,191,79,21.66,Normal,2.0,14.7,Muscle Gain,3,45,Intermediate,0,0,1,0,0
503,22,Male,193,57,15.3,Underweight,1.0,4.2,Muscle Gain,4,90,Intermediate,1,0,0,0,1
504,34,Male,163,94,35.38,Obese,5.0,33.5,Weight Loss,4,30,Intermediate,1,0,0,1,0
505,21,Male,163,112,42.15,Obese,5.0,44.2,Weight Loss,2,45,Advanced,0,1,0,0,0
506,41,Female,151,64,28.07,Overweight,5.0,35.9,Weight Loss,4,30,Intermediate,0,0,0,0,1
507,18,Male,186,98,28.33,Overweight,3.0,23.0,Maintain,3,45,Intermediate,1,0,0,0,0
508,26,Female,154,117,49.33,Obese,5.0,60.0,Weight Loss,4,30,Beginner,1,0,0,0,0
509,46,Female,187,128,36.6,Obese,5.0,49.7,Weight Loss,3,90,Beginner,0,0,1,0,0
510,21,Female,194,61,16.21,Underweight,3.0,19.1,Muscle Gain,4,90,Advanced,1,0,0,0,0
511,49,Male,190,69,19.11,Normal,2.0,17.9,Muscle Gain,2,60,Beginner,0,0,0,0,0
512,17,Male,196,123,32.02,Obese,4.0,27.3,Weight Loss,4,45,Intermediate,0,0,1,0,1
513,34,Male,163,124,46.67,Obese,5.0,52.9,Weight Loss,3,90,Intermediate,0,1,1,0,0
514,48,Male,188,83,23.48,Normal,3.0,22.6,Muscle Gain,5,60,Advanced,1,0,0,0,0
515,27,Female,174,71,23.45,Normal,4.0,28.4,Muscle Gain,5,45,Advanced,1,0,0,1,1
516,37,Male,169,90,31.51,Obese,5.0,33.1,Weight Loss,5,60,Advanced,1,1,0,0,1
517,42,Male,151,85,37.28,Obese,5.0,37.4,Weight Loss,4,30,Advanced,0,1,0,1,0
518,41,Female,188,60,16.98,Underweight,3.0,18.8,Muscle Gain,4,30,Beginner,0,0,0,0,0
519,38,Male,155,71,29.55,Overweight,4.0,29.9,Weight Loss,3,60,Beginner,0,1,0,0,0
520,43,Female,166,78,28.31,Overweight,5.0,36.9,Weight Loss,3,45,Intermediate,1,0,1,0,0
521,29,Female,174,51,16.85,Underweight,3.0,21.1,Muscle Gain,3,60,Beginner,1,0,0,0,0
522,49,Female,177,86,27.45,Overweight,5.0,39.4,Weight Loss,4,45,Intermediate,0,0,0,1,0
523,17,Female,151,57,25.0,Overweight,4.0,25.8,Muscle Gain,5,90,Advanced,0,0,0,0,1
524,37,Female,184,60,17.72,Underweight,3.0,23.9,Muscle Gain,2,90,Beginner,1,0,1,0,0
525,22,Female,186,52,15.03,Underweight,2.0,15.1,Muscle Gain,5,90,Intermediate,0,0,0,1,0
526,44,Female,154,60,25.3,Overweight,5.0,33.3,Muscle Gain,4,45,Intermediate,0,0,0,1,0
527,33,Female,150,47,20.89,Normal,4.0,26.1,Muscle Gain,4,30,Intermediate,1,0,0,0,0
528,21,Male,189,85,23.8,Normal,3.0,19.7,Muscle Gain,2,45,Beginner,0,0,0,0,0
529,47,Male,161,46,17.75,Underweight,2.0,10.0,Muscle Gain,2,30,Intermediate,0,0,0,0,0
530,21,Male,185,62,18.12,Underweight,1.0,9.1,Muscle Gain,4,30,Intermediate,0,0,1,0,0
531,19,Male,194,114,30.29,Obese,4.0,26.9,Weight Loss,4,60,Intermediate,1,1,1,0,0
532,39,Female,172,125,42.25,Obese,5.0,57.3,Weight Loss,3,60,Intermediate,0,0,1,0,0
533,26,Male,196,61,15.88,Underweight,1.0,8.0,Muscle Gain,4,90,Beginner,1,0,0,0,0
534,26,Female,180,128,39.51,Obese,5.0,47.9,Weight Loss,5,45,Intermediate,0,0,0,0,0
535,35,Male,160,61,23.83,Normal,3.0,18.2,Muscle Gain,5,45,Advanced,0,0,0,0,0
536,33,Male,159,68,26.9,Overweight,3.0,22.5,Maintain,5,30,Advanced,0,0,0,0,1
537,37,Male,152,52,22.51,Normal,3.0,19.7,Muscle Gain,3,90,Advanced,0,0,0,1,0
538,30,Female,163,121,45.54,Obese,5.0,57.8,Weight Loss,3,60,Intermediate,0,0,1,0,1
539,25,Male,165,41,15.06,Underweight,1.0,3.9,Muscle Gain,4,90,Intermediate,0,0,0,0,0
540,17,Female,159,68,26.9,Overweight,5.0,33.9,Weight Loss,3,90,Intermediate,1,0,0,0,1
541,29,Female,178,124,39.14,Obese,5.0,47.1,Weight Loss,2,60,Beginner,0,0,0,0,1
542,20,Male,159,118,46.68,Obese,5.0,51.7,Weight Loss,3,45,Intermediate,1,0,0,0,0
543,17,Male,161,91,35.11,Obese,5.0,33.2,Weight Loss,3,45,Intermediate,0,0,0,0,0
544,48,Male,179,66,20.6,Normal,3.0,18.9,Maintain,3,60,Intermediate,1,0,0,0,0
545,44,Female,190,89,24.65,Normal,5.0,31.1,Muscle Gain,3,45,Advanced,1,0,0,1,0
546,47,Male,150,118,52.44,Obese,5.0,58.2,Weight Loss,3,45,Intermediate,1,1,1,0,0
547,24,Female,154,62,26.14,Overweight,5.0,32.6,Weight Loss,2,90,Beginner,0,0,0,1,1
548,42,Female,169,127,44.47,Obese,5.0,60.0,Weight Loss,4,90,Intermediate,0,0,1,0,1
549,19,Male,157,83,33.67,Obese,5.0,31.9,Weight Loss,4,60,Intermediate,1,1,0,0,0
550,28,Male,192,116,31.47,Obese,4.0,26.7,Weight Loss,4,60,Advanced,0,0,0,0,1
551,17,Female,161,61,23.53,Normal,4.0,27.9,Maintain,2,60,Beginner,0,1,0,0,0
552,21,Female,150,82,36.44,Obese,5.0,46.6,Weight Loss,3,30,Intermediate,1,0,0,0,0
553,46,Female,169,76,26.61,Overweight,5.0,36.3,Weight Loss,4,30,Intermediate,1,0,1,1,0
554,46,Male,177,100,31.92,Obese,5.0,34.0,Weight Loss,4,60,Intermediate,1,1,0,0,0
555,33,Female,192,95,25.77,Overweight,5.0,34.2,Weight Loss,4,60,Advanced,0,0,1,0,0
556,39,Male,186,42,12.14,Underweight,1.0,4.5,Muscle Gain,3,30,Intermediate,0,0,0,0,1
557,31,Female,196,102,26.55,Overweight,5.0,30.4,Maintain,5,90,Advanced,1,0,0,0,0
558,37,Female,186,58,16.76,Underweight,3.0,20.1,Muscle Gain,3,30,Advanced,0,0,0,0,1
559,30,Male,161,62,23.92,Normal,2.0,16.2,Muscle Gain,3,45,Advanced,0,0,0,0,0
560,18,Female,186,68,19.66,Normal,3.0,20.7,Muscle Gain,4,60,Intermediate,1,0,0,0,1
561,27,Male,198,69,17.6,Underweight,1.0,8.9,Muscle Gain,4,30,Intermediate,0,0,0,0,0
562,34,Male,198,78,19.9,Normal,2.0,11.2,Muscle Gain,3,30,Intermediate,0,0,0,0,1
563,46,Female,193,64,17.18,Underweight,3.0,21.3,Muscle Gain,3,45,Intermediate,0,0,0,0,0
564,31,Male,177,47,15.0,Underweight,1.0,4.1,Muscle Gain,4,60,Intermediate,0,0,0,0,1
565,43,Male,196,97,25.25,Overweight,4.0,24.5,Maintain,3,45,Intermediate,1,0,1,0,0
566,49,Female,164,55,20.45,Normal,5.0,30.0,Muscle Gain,2,60,Beginner,0,0,1,0,1
567,40,Male,155,111,46.2,Obese,5.0,48.7,Weight Loss,3,60,Intermediate,0,0,1,0,0
568,31,Male,193,40,10.74,Underweight,1.0,3.3,Muscle Gain,5,30,Intermediate,0,0,0,0,0
569,46,Male,169,44,15.41,Underweight,1.0,9.6,Muscle Gain,2,90,Beginner,0,0,0,0,0
570,33,Female,199,42,10.61,Underweight,2.0,10.0,Muscle Gain,5,30,Beginner,1,1,0,0,0
571,21,Male,163,104,39.14,Obese,5.0,35.9,Weight Loss,4,90,Intermediate,1,0,0,0,0
572,45,Female,151,43,18.86,Normal,4.0,24.4,Muscle Gain,5,60,Beginner,0,0,0,0,0
573,20,Female,158,103,41.26,Obese,5.0,53.3,Weight Loss,5,90,Intermediate,1,0,0,1,0
574,26,Male,186,128,37.0,Obese,5.0,37.5,Weight Loss,3,30,Intermediate,0,1,0,0,0
575,33,Male,169,49,17.16,Underweight,1.0,7.1,Muscle Gain,2,45,Beginner,0,1,1,0,0
576,26,Male,175,60,19.59,Normal,1.0,9.5,Muscle Gain,2,30,Beginner,1,0,0,0,0
577,33,Female,178,85,26.83,Overweight,5.0,33.0,Maintain,3,30,Intermediate,0,0,0,0,0
578,36,Male,150,66,29.33,Overweight,4.0,26.0,Weight Loss,4,60,Intermediate,0,1,0,1,0
579,40,Male,184,105,31.01,Obese,4.0,28.6,Weight Loss,3,45,Intermediate,0,0,0,0,0
580,21,Male,155,80,33.3,Obese,4.0,29.0,Weight Loss,3,60,Beginner,0,1,0,0,0
581,22,Male,186,52,15.03,Underweight,1.0,6.9,Muscle Gain,3,30,Intermediate,0,1,0,0,1
582,18,Male,154,48,20.24,Normal,2.0,14.2,Muscle Gain,5,45,Advanced,1,1,0,0,0
583,29,Female,182,75,22.64,Normal,4.0,26.5,Muscle Gain,2,60,Intermediate,0,0,0,0,0
584,27,Female,198,125,31.88,Obese,5.0,42.1,Weight Loss,2,45,Beginner,1,0,0,0,0
585,39,Male,163,129,48.55,Obese,5.0,53.3,Weight Loss,2,60,Advanced,1,1,1,0,1
586,32,Male,161,97,37.42,Obese,5.0,37.7,Weight Loss,5,60,Advanced,0,0,1,0,0
587,47,Male,191,93,25.49,Overweight,3.0,22.0,Maintain,4,90,Beginner,0,0,0,0,0
588,27,Male,169,51,17.86,Underweight,2.0,10.6,Muscle Gain,3,45,Intermediate,1,0,0,0,1
589,32,Female,199,120,30.3,Obese,5.0,41.1,Weight Loss,2,60,Advanced,0,0,0,1,1
590,24,Male,173,117,39.09,Obese,5.0,39.5,Weight Loss,3,90,Intermediate,0,0,1,0,0
591,20,Female,192,53,14.38,Underweight,2.0,13.3,Muscle Gain,2,60,Beginner,1,0,1,0,0
592,20,Female,183,73,21.8,Normal,4.0,25.4,Maintain,5,45,Advanced,0,0,0,0,1
593,41,Male,174,92,30.39,Obese,4.0,27.2,Weight Loss,4,60,Intermediate,0,0,1,0,0
594,19,Female,199,59,14.9,Underweight,2.0,17.1,Muscle Gain,3,60,Intermediate,1,0,0,1,0
595,48,Female,178,114,35.98,Obese,5.0,48.7,Weight Loss,5,60,Advanced,0,0,0,0,1
596,19,Female,188,55,15.56,Underweight,2.0,15.4,Muscle Gain,3,30,Intermediate,1,1,1,1,1
597,43,Female,180,109,33.64,Obese,5.0,45.2,Weight Loss,4,30,Intermediate,1,0,0,0,0
598,45,Male,196,95,24.73,Normal,3.0,23.0,Muscle Gain,5,90,Intermediate,1,0,0,0,0
599,48,Male,192,122,33.09,Obese,5.0,31.8,Weight Loss,3,45,Intermediate,0,1,0,0,0
600,35,Female,199,97,24.49,Normal,5.0,31.7,Muscle Gain,4,60,Intermediate,1,0,0,0,0
601,37,Male,172,43,14.53,Underweight,1.0,5.2,Muscle Gain,3,45,Intermediate,0,0,0,1,0
602,21,Male,193,43,11.54,Underweight,1.0,3.0,Muscle Gain,3,60,Intermediate,0,0,0,1,0
603,34,Male,187,59,16.87,Underweight,2.0,11.5,Muscle Gain,2,30,Beginner,1,0,1,0,0
604,44,Male,169,49,17.16,Underweight,2.0,13.4,Muscle Gain,3,30,Intermediate,0,1,0,0,0
605,38,Male,172,63,21.3,Normal,2.0,16.7,Muscle Gain,4,90,Intermediate,0,0,0,0,0
606,37,Female,194,65,17.27,Underweight,3.0,21.0,Muscle Gain,5,90,Intermediate,1,0,1,0,1
607,22,Male,165,76,27.92,Overweight,3.0,20.8,Maintain,4,60,Intermediate,0,1,0,1,0
608,17,Male,199,124,31.31,Obese,4.0,28.6,Weight Loss,5,45,Intermediate,1,0,0,1,0
609,21,Male,191,93,25.49,Overweight,3.0,18.1,Muscle Gain,5,60,Advanced,0,0,0,0,0
610,28,Male,157,60,24.34,Normal,3.0,19.0,Muscle Gain,2,60,Advanced,0,0,0,1,1
611,42,Female,199,113,28.53,Overweight,5.0,36.1,Weight Loss,3,60,Advanced,1,0,0,1,1
612,30,Female,170,77,26.64,Overweight,5.0,30.6,Muscle Gain,2,30,Beginner,0,0,0,0,1
613,42,Female,150,85,37.78,Obese,5.0,51.0,Weight Loss,4,60,Intermediate,0,0,0,0,1
614,43,Female,157,43,17.44,Underweight,3.0,19.4,Muscle Gain,5,60,Advanced,0,0,0,0,0
615,25,Male,178,99,31.25,Obese,4.0,29.6,Weight Loss,2,90,Intermediate,0,0,0,0,0
616,42,Female,181,96,29.3,Overweight,5.0,37.4,Weight Loss,4,30,Intermediate,1,0,0,1,1
617,38,Male,187,84,24.02,Normal,2.0,17.1,Muscle Gain,4,60,Advanced,1,0,0,1,0
618,46,Male,154,59,24.88,Normal,3.0,22.7,Muscle Gain,4,60,Intermediate,1,1,0,0,0
619,33,Male,196,56,14.58,Underweight,1.0,3.5,Muscle Gain,3,45,Advanced,0,1,0,1,1
620,42,Male,171,110,37.62,Obese,5.0,38.3,Weight Loss,3,30,Intermediate,1,0,0,0,0
621,17,Male,196,43,11.19,Underweight,1.0,3.0,Muscle Gain,2,45,Intermediate,0,1,0,0,1
622,24,Female,183,53,15.83,Underweight,2.0,14.2,Muscle Gain,3,45,Intermediate,1,0,0,0,0
623,31,Female,150,42,18.67,Normal,3.0,23.9,Muscle Gain,2,45,Beginner,0,0,0,0,0
624,38,Female,175,127,41.47,Obese,5.0,51.7,Weight Loss,4,60,Intermediate,1,0,0,0,0
625,30,Female,192,119,32.28,Obese,5.0,39.2,Weight Loss,2,60,Beginner,1,0,0,0,1
626,42,Male,159,97,38.37,Obese,5.0,42.2,Weight Loss,5,60,Beginner,0,0,0,0,1
627,44,Female,179,94,29.34,Overweight,5.0,37.7,Weight Loss,4,90,Intermediate,1,0,0,0,0
628,39,Male,199,43,10.86,Underweight,1.0,3.0,Muscle Gain,4,45,Intermediate,0,0,0,0,0
629,30,Female,167,63,22.59,Normal,4.0,26.4,Maintain,3,45,Intermediate,0,0,0,0,1
630,40,Male,166,73,26.49,Overweight,3.0,22.5,Muscle Gain,4,60,Intermediate,0,0,0,0,0
631,18,Male,175,69,22.53,Normal,2.0,16.9,Maintain,5,30,Beginner,1,1,0,0,0
632,42,Female,157,121,49.09,Obese,5.0,60.0,Weight Loss,2,45,Advanced,1,0,1,0,1
633,30,Male,196,58,15.1,Underweight,1.0,8.2,Muscle Gain,3,45,Intermediate,1,0,1,0,0
634,23,Male,189,70,19.6,Normal,2.0,13.9,Muscle Gain,4,30,Intermediate,0,0,0,1,0
635,19,Female,198,99,25.25,Overweight,4.0,28.7,Maintain,2,90,Beginner,0,1,0,0,0
636,39,Male,161,99,38.19,Obese,5.0,42.4,Weight Loss,2,45,Intermediate,0,1,1,0,1
637,34,Female,176,58,18.72,Normal,3.0,21.7,Muscle Gain,3,45,Beginner,1,0,1,0,1
638,31,Female,157,88,35.7,Obese,5.0,48.4,Weight Loss,2,30,Beginner,0,0,0,1,1
639,41,Female,174,102,33.69,Obese,5.0,41.9,Weight Loss,4,60,Intermediate,1,0,0,0,0
640,44,Male,195,122,32.08,Obese,5.0,33.4,Weight Loss,3,45,Intermediate,0,0,1,0,0
641,26,Male,153,61,26.06,Overweight,3.0,21.0,Maintain,5,60,Advanced,0,0,0,0,0
642,33,Male,182,63,19.02,Normal,2.0,11.7,Muscle Gain,4,45,Advanced,0,1,0,1,0
643,38,Female,150,115,51.11,Obese,5.0,60.0,Weight Loss,4,30,Advanced,1,0,0,0,0
644,42,Male,168,69,24.45,Normal,3.0,22.6,Maintain,4,60,Beginner,0,1,0,0,0
645,41,Female,180,97,29.94,Overweight,5.0,36.2,Weight Loss,5,30,Intermediate,0,0,0,0,0
646,33,Female,165,70,25.71,Overweight,5.0,30.0,Maintain,3,45,Intermediate,1,0,0,0,1
647,29,Male,163,103,38.77,Obese,5.0,40.5,Weight Loss,5,45,Advanced,0,0,1,0,1
648,36,Female,197,58,14.94,Underweight,3.0,18.5,Muscle Gain,4,90,Intermediate,0,0,0,0,1
649,41,Male,154,87,36.68,Obese,5.0,41.0,Weight Loss,4,30,Intermediate,0,0,0,1,0
650,20,Male,190,84,23.27,Normal,2.0,17.8,Maintain,4,60,Advanced,1,1,0,0,0
651,26,Male,175,94,30.69,Obese,5.0,30.2,Weight Loss,3,30,Advanced,0,1,1,0,0
652,19,Male,177,94,30.0,Obese,4.0,26.6,Weight Loss,3,45,Beginner,0,0,1,0,0
653,34,Male,151,57,25.0,Overweight,3.0,19.6,Maintain,4,45,Intermediate,1,0,0,0,1
654,38,Female,199,102,25.76,Overweight,5.0,30.5,Muscle Gain,2,90,Beginner,1,0,0,0,0
655,24,Female,155,86,35.8,Obese,5.0,46.3,Weight Loss,4,45,Intermediate,0,0,0,1,0
656,35,Female,158,114,45.67,Obese,5.0,60.0,Weight Loss,3,30,Intermediate,1,0,0,0,1
657,22,Male,182,96,28.98,Overweight,3.0,21.8,Muscle Gain,2,45,Beginner,0,0,0,0,0
658,42,Male,190,84,23.27,Normal,3.0,18.9,Muscle Gain,2,30,Advanced,1,1,0,0,1
659,22,Male,174,72,23.78,Normal,3.0,20.0,Maintain,2,30,Intermediate,1,0,1,0,0
660,49,Female,197,56,14.43,Underweight,3.0,18.9,Muscle Gain,4,60,Intermediate,1,0,0,1,0
661,38,Male,162,109,41.53,Obese,5.0,44.1,Weight Loss,3,30,Intermediate,0,0,0,0,0
662,37,Female,158,43,17.22,Underweight,3.0,20.6,Muscle Gain,5,30,Intermediate,1,0,0,1,0
663,22,Female,162,59,22.48,Normal,4.0,24.0,Muscle Gain,4,60,Intermediate,0,0,0,0,1
664,22,Male,180,86,26.54,Overweight,3.0,20.3,Muscle Gain,2,45,Beginner,1,1,1,0,0
665,20,Male,190,54,14.96,Underweight,1.0,3.9,Muscle Gain,4,30,Beginner,1,0,0,1,0
666,46,Female,160,109,42.58,Obese,5.0,54.9,Weight Loss,5,45,Intermediate,1,0,0,1,1
667,27,Male,153,86,36.74,Obese,5.0,37.7,Weight Loss,4,60,Intermediate,1,0,1,0,0
668,46,Female,183,117,34.94,Obese,5.0,46.4,Weight Loss,2,45,Advanced,1,0,1,0,0
669,47,Male,187,114,32.6,Obese,5.0,35.4,Weight Loss,5,45,Intermediate,0,0,0,1,0
670,40,Male,195,48,12.62,Underweight,1.0,6.7,Muscle Gain,4,30,Intermediate,0,0,1,1,1
671,25,Female,153,129,55.11,Obese,5.0,60.0,Weight Loss,2,60,Beginner,1,0,0,0,0
672,19,Male,187,55,15.73,Underweight,1.0,6.5,Muscle Gain,2,45,Beginner,0,0,1,0,0
673,47,Female,168,108,38.27,Obese,5.0,51.5,Weight Loss,4,60,Beginner,1,0,1,0,0
674,40,Male,155,100,41.62,Obese,5.0,47.2,Weight Loss,2,90,Advanced,1,0,0,0,0
675,47,Female,183,49,14.63,Underweight,2.0,17.2,Muscle Gain,5,60,Advanced,1,1,1,0,0
676,22,Female,167,89,31.91,Obese,5.0,39.9,Weight Loss,3,45,Intermediate,0,0,0,0,1
677,18,Male,162,42,16.0,Underweight,1.0,6.4,Muscle Gain,5,45,Advanced,0,0,0,0,0
678,36,Female,190,116,32.13,Obese,5.0,40.2,Weight Loss,4,45,Beginner,1,0,1,0,1
679,44,Male,172,109,36.84,Obese,5.0,36.7,Weight Loss,2,30,Beginner,0,0,1,0,0
680,27,Male,168,120,42.52,Obese,5.0,45.0,Weight Loss,2,30,Intermediate,1,0,0,0,0
681,20,Male,194,90,23.91,Normal,3.0,18.5,Muscle Gain,4,60,Beginner,0,0,0,0,0
682,31,Female,160,58,22.66,Normal,4.0,26.4,Muscle Gain,4,45,Intermediate,1,0,1,0,0
683,22,Female,150,81,36.0,Obese,5.0,45.4,Weight Loss,4,45,Intermediate,0,0,0,0,0
684,46,Male,173,74,24.73,Normal,3.0,21.8,Muscle Gain,3,60,Intermediate,1,1,1,1,1
685,18,Male,156,85,34.93,Obese,5.0,33.4,Weight Loss,3,60,Advanced,1,1,0,0,0
686,31,Female,174,65,21.47,Normal,4.0,24.0,Muscle Gain,2,30,Beginner,0,1,0,0,0
687,27,Male,170,108,37.37,Obese,5.0,39.3,Weight Loss,4,90,Intermediate,1,1,1,1,1
688,24,Male,164,103,38.3,Obese,5.0,36.5,Weight Loss,2,30,Beginner,0,0,0,0,0
689,42,Female,150,76,33.78,Obese,5.0,43.9,Weight Loss,3,60,Intermediate,1,0,0,0,1
690,21,Male,161,123,47.45,Obese,5.0,47.3,Weight Loss,4,60,Intermediate,0,0,1,0,0
691,22,Female,156,88,36.16,Obese,5.0,42.5,Weight Loss,5,60,Advanced,0,0,0,0,0
692,42,Male,164,60,22.31,Normal,3.0,18.5,Muscle Gain,3,60,Advanced,1,1,0,0,0
693,20,Female,170,113,39.1,Obese,5.0,47.2,Weight Loss,3,30,Intermediate,0,0,0,0,1
694,35,Male,168,103,36.49,Obese,5.0,39.0,Weight Loss,4,45,Intermediate,1,1,0,0,0
695,36,Male,178,44,13.89,Underweight,1.0,3.0,Muscle Gain,4,60,Intermediate,0,0,0,0,0
696,49,Female,174,109,36.0,Obese,5.0,48.2,Weight Loss,3,45,Intermediate,1,0,0,0,0
697,36,Male,182,129,38.94,Obese,5.0,39.6,Weight Loss,5,90,Advanced,0,1,0,0,1
698,28,Female,198,43,10.97,Underweight,2.0,10.0,Muscle Gain,5,45,Advanced,0,0,0,0,1
699,17,Male,181,78,23.81,Normal,2.0,14.2,Muscle Gain,3,45,Intermediate,0,0,0,0,0
700,42,Female,198,74,18.88,Normal,3.0,23.4,Muscle Gain,3,45,Intermediate,1,1,0,0,1
